Datetime,realized_price,median_price,downside_q_0.05,upside_q_0.95,downside_risk_vs_median,upside_potential_vs_median,band_width
2017-05-01 00:00:00,34.5,33.953056,26.899368,40.757008,7.053688,6.8039513,13.857639
2017-05-01 01:00:00,29.18,29.182219,25.458883,33.769077,3.7233353,4.5868587,8.310194
2017-05-01 02:00:00,29.2,28.975443,23.406683,35.0076,5.56876,6.032156,11.600916
2017-05-01 03:00:00,29.15,26.29646,24.73602,28.358515,1.5604401,2.0620556,3.6224957
2017-05-01 04:00:00,29.23,26.042051,20.891506,31.162405,5.150545,5.1203537,10.270899
2017-05-01 05:00:00,30.01,26.133297,20.588854,34.95519,5.544443,8.821892,14.366335
2017-05-01 06:00:00,34.01,26.662083,25.922722,35.664295,0.7393608,9.002213,9.741573
2017-05-01 07:00:00,34.98,29.86414,21.793879,35.27817,8.070261,5.414032,13.484293
2017-05-01 08:00:00,36.45,30.746325,24.39383,39.711338,6.352495,8.9650135,15.317509
2017-05-01 09:00:00,36.48,32.96296,27.53664,41.889248,5.426319,8.926289,14.352608
2017-05-01 10:00:00,36.49,34.58399,30.848791,43.594723,3.735197,9.010735,12.745932
2017-05-01 11:00:00,36.48,36.53813,27.979296,44.152943,8.558836,7.614811,16.173647
2017-05-01 12:00:00,40.01,37.05071,26.928461,46.02043,10.122248,8.969723,19.09197
2017-05-01 13:00:00,40.61,38.25621,29.837938,45.163765,8.418272,6.9075546,15.325827
2017-05-01 14:00:00,39.9,36.924965,27.70044,44.341106,9.224525,7.4161415,16.640667
2017-05-01 15:00:00,36.43,38.5569,23.976658,42.664463,14.580242,4.107563,18.687805
2017-05-01 16:00:00,34.01,31.797462,23.011524,40.639942,8.785938,8.84248,17.628418
2017-05-01 17:00:00,34.98,30.154093,24.051538,40.28073,6.1025543,10.126638,16.229193
2017-05-01 18:00:00,36.45,34.683247,25.278934,44.653633,9.404312,9.9703865,19.374699
2017-05-01 19:00:00,42.0,36.502865,28.994776,49.605362,7.508089,13.102497,20.610586
2017-05-01 20:00:00,49.54,44.94392,36.187805,52.172337,8.756115,7.2284164,15.984531
2017-05-01 21:00:00,56.5,50.140766,42.394135,52.54919,7.7466316,2.4084244,10.155056
2017-05-01 22:00:00,57.01,49.35294,41.095116,54.831047,8.257824,5.4781075,13.735931
2017-05-01 23:00:00,53.34,45.379066,33.127735,48.09669,12.251331,2.7176247,14.968956
2017-05-02 00:00:00,52.15,44.85964,44.25673,51.181915,0.6029091,6.322277,6.925186
2017-05-02 01:00:00,51.23,40.93215,36.461685,50.91515,4.4704666,9.982998,14.4534645
2017-05-02 02:00:00,50.84,38.93924,35.26499,47.483242,3.6742477,8.544003,12.21825
2017-05-02 03:00:00,49.54,38.614525,35.155075,45.658936,3.4594498,7.0444107,10.50386
2017-05-02 04:00:00,48.72,37.403942,36.67454,46.297523,0.72940063,8.893581,9.622982
2017-05-02 05:00:00,49.54,40.921215,35.912956,47.62193,5.008259,6.700714,11.708973
2017-05-02 06:00:00,51.23,43.723843,37.1163,50.68617,6.607544,6.962326,13.56987
2017-05-02 07:00:00,51.53,51.04845,42.377712,54.61974,8.670738,3.571289,12.242027
2017-05-02 08:00:00,53.09,47.940952,42.231598,55.91443,5.7093544,7.9734764,13.682831
2017-05-02 09:00:00,53.92,54.410465,44.99436,57.58673,9.416103,3.1762657,12.592369
2017-05-02 10:00:00,52.9,49.518147,45.00129,57.325054,4.516857,7.8069077,12.323765
2017-05-02 11:00:00,52.02,49.590786,45.462418,54.81674,4.1283684,5.225952,9.354321
2017-05-02 12:00:00,52.02,52.69856,44.55304,56.921783,8.145519,4.2232246,12.368744
2017-05-02 13:00:00,51.99,49.863537,44.056072,55.971012,5.8074646,6.1074753,11.91494
2017-05-02 14:00:00,51.37,45.954483,44.438522,54.336582,1.5159607,8.382099,9.89806
2017-05-02 15:00:00,51.15,44.155125,43.856136,53.419853,0.29898834,9.264729,9.563717
2017-05-02 16:00:00,51.12,45.091953,40.73575,52.92584,4.356205,7.833885,12.19009
2017-05-02 17:00:00,51.23,45.844135,43.34341,54.080616,2.5007248,8.236481,10.7372055
2017-05-02 18:00:00,51.17,44.20213,43.535114,53.746006,0.6670151,9.543877,10.210892
2017-05-02 19:00:00,51.49,46.55344,43.0204,53.97378,3.533039,7.4203415,10.953381
2017-05-02 20:00:00,53.16,49.63798,43.02303,55.49772,6.614952,5.8597374,12.4746895
2017-05-02 21:00:00,55.8,52.360954,46.53839,56.817825,5.822563,4.456871,10.279434
2017-05-02 22:00:00,53.09,49.884228,43.99351,55.88219,5.8907166,5.997963,11.8886795
2017-05-02 23:00:00,51.23,43.61746,40.89953,53.104424,2.7179298,9.486965,12.204895
2017-05-03 00:00:00,50.49,46.542515,44.914402,51.072266,1.6281128,4.529751,6.1578636
2017-05-03 01:00:00,43.81,44.98612,39.659332,49.313484,5.326786,4.327366,9.654152
2017-05-03 02:00:00,40.73,45.773582,39.765247,46.109577,6.008335,0.33599472,6.34433
2017-05-03 03:00:00,40.1,44.378876,37.90992,44.925144,6.468956,0.54626846,7.0152245
2017-05-03 04:00:00,39.6,42.708275,38.684696,45.71428,4.0235786,3.0060043,7.029583
2017-05-03 05:00:00,40.48,42.775898,38.903324,47.8878,3.8725739,5.1119003,8.984474
2017-05-03 06:00:00,47.53,47.252377,40.090855,50.890434,7.161522,3.6380577,10.79958
2017-05-03 07:00:00,51.37,50.854664,42.362953,52.80338,8.491711,1.9487152,10.440426
2017-05-03 08:00:00,55.0,52.690254,45.393806,55.268635,7.2964478,2.5783806,9.874828
2017-05-03 09:00:00,54.18,53.214058,46.841953,55.933777,6.3721046,2.719719,9.091824
2017-05-03 10:00:00,52.51,52.960033,46.64485,56.401154,6.3151817,3.4411201,9.756302
2017-05-03 11:00:00,51.53,52.41524,45.86863,56.176826,6.546612,3.7615852,10.308197
2017-05-03 12:00:00,51.12,53.09323,47.453953,54.70821,5.6392784,1.6149788,7.254257
2017-05-03 13:00:00,51.04,50.899628,45.716003,55.362083,5.1836243,4.4624557,9.64608
2017-05-03 14:00:00,50.75,50.59541,42.70335,52.196064,7.8920593,1.6006546,9.492714
2017-05-03 15:00:00,50.42,46.61998,42.121166,53.480988,4.4988136,6.8610077,11.359821
2017-05-03 16:00:00,50.75,45.22759,40.48972,52.728848,4.7378693,7.501259,12.239128
2017-05-03 17:00:00,50.84,47.151394,41.798378,52.508232,5.353016,5.356838,10.709854
2017-05-03 18:00:00,51.0,45.805767,41.74758,50.54462,4.0581856,4.7388535,8.797039
2017-05-03 19:00:00,51.23,49.28336,43.0245,53.568363,6.2588577,4.2850037,10.543861
2017-05-03 20:00:00,52.22,49.17158,45.650127,53.07228,3.5214539,3.9006996,7.4221535
2017-05-03 21:00:00,53.92,52.108852,46.29287,57.59136,5.815983,5.482506,11.298489
2017-05-03 22:00:00,51.53,49.511906,45.693554,54.313534,3.8183517,4.801628,8.61998
2017-05-03 23:00:00,49.75,43.43879,42.633274,51.87589,0.8055153,8.437099,9.242615
2017-05-04 00:00:00,48.64,48.596886,42.909496,50.598946,5.6873894,2.00206,7.6894493
2017-05-04 01:00:00,42.25,43.196465,42.010338,50.170296,1.1861267,6.973831,8.159958
2017-05-04 02:00:00,40.94,42.559757,36.95808,47.26939,5.601677,4.709633,10.31131
2017-05-04 03:00:00,37.7,40.904694,35.70204,46.690525,5.202652,5.7858315,10.988483
2017-05-04 04:00:00,37.64,40.694347,34.84293,46.017273,5.8514175,5.3229256,11.174343
2017-05-04 05:00:00,38.7,40.581383,36.521458,47.35008,4.059925,6.768696,10.828621
2017-05-04 06:00:00,43.61,46.010296,38.46058,48.877193,7.549717,2.8668976,10.416615
2017-05-04 07:00:00,50.28,49.36749,40.808212,53.078907,8.559277,3.7114182,12.270695
2017-05-04 08:00:00,53.34,51.513424,44.1027,54.608345,7.4107246,3.094921,10.505646
2017-05-04 09:00:00,52.91,53.418144,46.06537,56.71809,7.3527756,3.2999458,10.652721
2017-05-04 10:00:00,51.54,51.797733,46.800972,56.13743,4.9967613,4.339695,9.336456
2017-05-04 11:00:00,51.23,50.807564,44.829987,56.07507,5.977577,5.2675056,11.245083
2017-05-04 12:00:00,51.42,51.580437,44.785774,55.819885,6.7946625,4.2394485,11.034111
2017-05-04 13:00:00,51.04,50.088486,43.64331,54.597775,6.445175,4.509289,10.954464
2017-05-04 14:00:00,50.08,46.315693,39.37458,51.855778,6.9411125,5.540085,12.481197
2017-05-04 15:00:00,49.54,45.603638,37.756798,51.191807,7.84684,5.588169,13.435009
2017-05-04 16:00:00,49.54,45.10525,36.94811,51.392094,8.157143,6.2868423,14.443985
2017-05-04 17:00:00,50.84,45.110073,39.553333,51.68926,5.55674,6.5791855,12.135925
2017-05-04 18:00:00,51.0,46.482616,38.998096,52.997734,7.48452,6.5151176,13.999638
2017-05-04 19:00:00,51.23,46.711983,41.73469,50.651897,4.977291,3.9399147,8.917206
2017-05-04 20:00:00,52.08,49.32345,42.188126,53.290234,7.1353226,3.9667854,11.102108
2017-05-04 21:00:00,53.4,50.382553,43.20744,57.733128,7.1751137,7.3505745,14.525688
2017-05-04 22:00:00,52.08,49.164814,42.59711,54.150608,6.5677032,4.985794,11.553497
2017-05-04 23:00:00,49.54,46.36452,37.801605,50.265545,8.562916,3.9010239,12.46394
2017-05-05 00:00:00,45.4,43.70686,41.32355,51.01089,2.3833084,7.3040314,9.68734
2017-05-05 01:00:00,41.19,43.633587,34.30534,48.796043,9.328247,5.1624565,14.490704
2017-05-05 02:00:00,38.14,37.563908,33.686672,46.100418,3.8772354,8.53651,12.413746
2017-05-05 03:00:00,36.89,38.348774,32.689697,44.207573,5.6590767,5.858799,11.517876
2017-05-05 04:00:00,36.45,38.020027,32.84842,43.200287,5.171608,5.1802597,10.351868
2017-05-05 05:00:00,36.47,37.729614,33.223965,45.839558,4.5056496,8.109943,12.615593
2017-05-05 06:00:00,41.06,43.713516,35.907555,48.765907,7.8059616,5.052391,12.858353
2017-05-05 07:00:00,50.73,43.754032,36.459,49.76852,7.2950325,6.014488,13.309521
2017-05-05 08:00:00,52.07,47.001163,37.056686,50.887978,9.944477,3.886814,13.831291
2017-05-05 09:00:00,52.15,46.285248,45.513638,53.24063,0.77161026,6.9553833,7.7269936
2017-05-05 10:00:00,52.07,48.905766,43.149822,53.018158,5.7559433,4.1123924,9.868336
2017-05-05 11:00:00,51.04,45.692036,41.609165,53.097084,4.0828705,7.4050484,11.487919
2017-05-05 12:00:00,49.54,46.023876,44.756588,50.58958,1.2672882,4.5657043,5.8329926
2017-05-05 13:00:00,43.4,43.03906,42.95057,53.732395,0.08848953,10.6933365,10.781826
2017-05-05 14:00:00,38.17,45.321274,40.29721,51.41617,5.024063,6.0948944,11.1189575
2017-05-05 15:00:00,36.89,40.68083,36.158684,49.465805,4.5221443,8.784977,13.307121
2017-05-05 16:00:00,36.45,43.07029,33.458176,48.70922,9.612114,5.6389313,15.251045
2017-05-05 17:00:00,37.67,39.098686,34.15061,48.82214,4.9480743,9.7234535,14.671528
2017-05-05 18:00:00,40.33,42.089813,34.503468,48.275208,7.5863457,6.1853943,13.77174
2017-05-05 19:00:00,42.09,42.263237,35.19273,49.271652,7.070507,7.008415,14.078922
2017-05-05 20:00:00,41.19,43.98802,37.8789,50.36968,6.109123,6.3816566,12.49078
2017-05-05 21:00:00,50.2,48.052025,42.183193,55.04707,5.8688316,6.9950447,12.863876
2017-05-05 22:00:00,47.53,42.026577,41.44596,52.038143,0.580616,10.011566,10.592182
2017-05-05 23:00:00,41.19,40.937428,34.39604,49.959873,6.5413857,9.022446,15.563831
2017-05-06 00:00:00,37.68,42.723454,33.004517,46.548298,9.718937,3.8248444,13.543781
2017-05-06 01:00:00,36.45,39.1182,30.581913,43.9542,8.536285,4.8360023,13.372288
2017-05-06 02:00:00,35.46,35.59656,28.656261,40.062443,6.9403,4.4658813,11.406181
2017-05-06 03:00:00,35.46,35.347546,29.0045,39.192562,6.343046,3.8450165,10.188063
2017-05-06 04:00:00,34.73,32.507977,27.178017,39.03617,5.32996,6.5281944,11.858154
2017-05-06 05:00:00,35.33,30.555847,28.608639,40.295086,1.9472084,9.739239,11.686447
2017-05-06 06:00:00,35.83,37.63791,29.729473,40.102768,7.908436,2.464859,10.373295
2017-05-06 07:00:00,36.4,38.39521,29.865637,39.923378,8.529573,1.5281677,10.057741
2017-05-06 08:00:00,36.47,37.72341,30.423326,46.508713,7.300085,8.785301,16.085386
2017-05-06 09:00:00,36.67,42.230286,34.627605,46.870174,7.60268,4.639889,12.242569
2017-05-06 10:00:00,36.68,42.12286,34.377754,50.476612,7.7451057,8.353752,16.098858
2017-05-06 11:00:00,36.88,42.81926,37.869843,49.87483,4.949417,7.0555687,12.004986
2017-05-06 12:00:00,37.68,42.771076,37.282448,49.76606,5.4886284,6.9949837,12.483612
2017-05-06 13:00:00,38.6,44.594692,36.216755,49.88886,8.377937,5.2941666,13.672104
2017-05-06 14:00:00,41.5,40.72007,35.705723,49.98613,5.014347,9.26606,14.280407
2017-05-06 15:00:00,37.73,36.09897,34.3908,47.851715,1.708168,11.752747,13.460915
2017-05-06 16:00:00,37.56,37.92853,31.791822,46.58584,6.136709,8.657307,14.794016
2017-05-06 17:00:00,38.02,35.777718,31.200119,47.01586,4.5775986,11.238144,15.8157425
2017-05-06 18:00:00,47.51,40.439583,34.368053,50.41733,6.0715294,9.977749,16.049278
2017-05-06 19:00:00,50.1,44.956863,35.601128,51.379375,9.355736,6.422512,15.778248
2017-05-06 20:00:00,54.24,46.860596,38.859783,52.834797,8.000813,5.974201,13.975014
2017-05-06 21:00:00,57.15,53.932625,43.1039,55.083355,10.828724,1.1507301,11.979454
2017-05-06 22:00:00,56.63,48.805077,42.068924,54.22573,6.7361526,5.4206543,12.156807
2017-05-06 23:00:00,56.0,47.23152,37.603123,51.477825,9.628399,4.2463036,13.874702
2017-05-07 00:00:00,54.24,52.079292,47.666153,53.448658,4.4131393,1.3693657,5.782505
2017-05-07 01:00:00,51.5,47.219105,40.307285,52.53568,6.9118195,5.316574,12.228394
2017-05-07 02:00:00,49.69,43.090637,37.26204,48.616665,5.828598,5.5260277,11.354626
2017-05-07 03:00:00,49.37,46.38518,36.788948,47.562035,9.596233,1.1768532,10.773087
2017-05-07 04:00:00,49.12,42.40558,35.347046,47.033497,7.0585327,4.6279182,11.686451
2017-05-07 05:00:00,48.87,39.067505,37.421925,47.921684,1.6455803,8.854179,10.49976
2017-05-07 06:00:00,49.12,43.137558,33.860336,48.04616,9.277222,4.9086037,14.185825
2017-05-07 07:00:00,47.05,41.352535,35.368908,45.20611,5.9836273,3.8535728,9.8372
2017-05-07 08:00:00,43.97,41.546257,36.367638,49.880817,5.1786194,8.33456,13.51318
2017-05-07 09:00:00,46.5,46.035564,38.6258,51.603073,7.4097633,5.5675087,12.977272
2017-05-07 10:00:00,46.3,41.532288,38.754307,50.399612,2.7779808,8.867325,11.645306
2017-05-07 11:00:00,47.0,44.529358,35.657463,53.34649,8.871895,8.817131,17.689026
2017-05-07 12:00:00,44.0,44.416763,36.784107,52.758564,7.632656,8.341801,15.974457
2017-05-07 13:00:00,46.0,42.711018,39.745205,52.034386,2.9658127,9.323368,12.289181
2017-05-07 14:00:00,43.0,41.252537,39.344784,52.387146,1.907753,11.134609,13.042362
2017-05-07 15:00:00,39.19,41.41832,34.673286,44.964207,6.7450333,3.545887,10.29092
2017-05-07 16:00:00,38.29,34.148853,33.202206,45.56922,0.94664764,11.420368,12.367016
2017-05-07 17:00:00,38.04,35.377705,30.117636,46.0558,5.260069,10.678097,15.938166
2017-05-07 18:00:00,37.94,38.848667,30.781858,45.997894,8.066809,7.149227,15.216036
2017-05-07 19:00:00,38.74,39.345737,31.166517,50.17217,8.17922,10.826431,19.005651
2017-05-07 20:00:00,42.97,47.35547,36.924767,52.016285,10.430702,4.660816,15.091518
2017-05-07 21:00:00,50.54,52.246056,48.113464,56.911232,4.1325912,4.6651764,8.797768
2017-05-07 22:00:00,50.54,50.50924,45.53923,55.064133,4.970009,4.5548935,9.524902
2017-05-07 23:00:00,48.69,50.00487,37.83183,54.993744,12.173042,4.9888725,17.161915
2017-05-08 00:00:00,48.72,44.465813,39.815495,51.796516,4.650318,7.3307037,11.981022
2017-05-08 01:00:00,39.69,39.659954,39.295742,46.80819,0.36421204,7.1482353,7.5124474
2017-05-08 02:00:00,38.0,41.096306,34.43894,44.749317,6.6573677,3.6530113,10.310379
2017-05-08 03:00:00,37.92,41.798103,35.04823,42.484394,6.749874,0.68629074,7.436165
2017-05-08 04:00:00,37.92,39.64333,33.99328,42.845024,5.650051,3.2016945,8.851746
2017-05-08 05:00:00,38.69,37.875755,35.004974,45.54113,2.870781,7.6653748,10.536156
2017-05-08 06:00:00,43.34,42.29174,36.368305,49.29791,5.923435,7.0061684,12.929604
2017-05-08 07:00:00,49.89,48.988235,40.344944,49.481285,8.643291,0.49304962,9.136341
2017-05-08 08:00:00,51.22,48.26414,40.402306,54.802853,7.8618355,6.5387115,14.400547
2017-05-08 09:00:00,51.89,52.517998,43.883408,54.53784,8.63459,2.019844,10.654434
2017-05-08 10:00:00,51.89,50.862072,43.932144,56.462116,6.929928,5.6000443,12.529972
2017-05-08 11:00:00,51.89,50.49226,45.967007,55.6143,4.5252533,5.12204,9.647293
2017-05-08 12:00:00,52.15,53.494328,44.136444,56.390656,9.357883,2.896328,12.254211
2017-05-08 13:00:00,51.93,54.57553,43.89464,55.94917,10.680889,1.3736382,12.054527
2017-05-08 14:00:00,51.8,49.29969,40.788815,54.64517,8.510876,5.345478,13.856354
2017-05-08 15:00:00,51.19,45.49175,39.28884,52.415985,6.2029076,6.9242363,13.127144
2017-05-08 16:00:00,51.04,44.77976,42.447536,53.58638,2.332222,8.806622,11.138844
2017-05-08 17:00:00,51.04,46.47523,40.881195,53.333164,5.594036,6.857933,12.451969
2017-05-08 18:00:00,50.09,46.30096,43.6779,56.269432,2.6230621,9.968472,12.591534
2017-05-08 19:00:00,50.54,47.169003,43.67389,56.032772,3.4951134,8.86377,12.358883
2017-05-08 20:00:00,52.71,50.979393,45.550602,60.3618,5.428791,9.382408,14.811199
2017-05-08 21:00:00,56.42,53.676796,49.68537,61.82587,3.9914246,8.149075,12.140499
2017-05-08 22:00:00,54.53,52.356625,46.937954,57.913445,5.4186707,5.55682,10.975491
2017-05-08 23:00:00,51.89,45.831177,44.507927,55.281994,1.3232498,9.450817,10.774067
2017-05-09 00:00:00,51.69,53.842278,45.43744,54.84039,8.404839,0.9981117,9.40295
2017-05-09 01:00:00,50.54,47.615982,42.764496,53.507347,4.851486,5.891365,10.742851
2017-05-09 02:00:00,48.72,44.776623,41.87423,49.571075,2.9023933,4.7944527,7.696846
2017-05-09 03:00:00,48.18,44.376945,40.584793,50.398388,3.7921524,6.0214424,9.813595
2017-05-09 04:00:00,48.72,46.067642,39.601868,48.170795,6.4657745,2.1031532,8.568928
2017-05-09 05:00:00,50.54,47.162052,39.67459,48.929317,7.487461,1.7672653,9.254726
2017-05-09 06:00:00,52.0,45.283604,43.98271,53.65724,1.3008919,8.373638,9.67453
2017-05-09 07:00:00,53.18,50.72211,42.65422,55.159714,8.06789,4.437603,12.505493
2017-05-09 08:00:00,54.99,51.926632,46.141678,57.99752,5.784954,6.0708885,11.855843
2017-05-09 09:00:00,54.35,56.00266,51.10598,57.048077,4.896679,1.0454178,5.9420967
2017-05-09 10:00:00,54.02,54.01771,47.656357,58.09964,6.361355,4.0819283,10.443283
2017-05-09 11:00:00,53.49,52.860374,46.72332,58.065388,6.1370544,5.2050133,11.342068
2017-05-09 12:00:00,53.41,54.016373,46.258217,56.8991,7.758156,2.8827286,10.640884
2017-05-09 13:00:00,52.69,48.72712,46.791126,57.77194,1.9359932,9.044819,10.980812
2017-05-09 14:00:00,51.6,49.771717,41.223152,55.607967,8.548565,5.8362503,14.384815
2017-05-09 15:00:00,50.49,44.874935,38.887207,55.177563,5.987728,10.302628,16.290356
2017-05-09 16:00:00,48.18,43.462494,41.63237,53.96717,1.8301239,10.504677,12.334801
2017-05-09 17:00:00,48.07,45.753567,40.17144,52.98425,5.5821266,7.2306824,12.812809
2017-05-09 18:00:00,46.7,45.121155,41.01491,53.150764,4.106243,8.02961,12.135853
2017-05-09 19:00:00,48.87,46.6119,40.92829,52.77356,5.683609,6.1616592,11.845268
2017-05-09 20:00:00,51.83,50.22715,43.890182,54.96567,6.3369675,4.7385216,11.075489
2017-05-09 21:00:00,54.69,53.825924,47.34815,58.74263,6.4777756,4.916706,11.394482
2017-05-09 22:00:00,53.49,50.359596,46.914223,51.835117,3.4453735,1.4755211,4.9208946
2017-05-09 23:00:00,51.83,47.61602,38.255737,53.7999,9.360283,6.18388,15.544163
2017-05-10 00:00:00,51.57,47.51952,39.806904,54.776947,7.712616,7.257427,14.970043
2017-05-10 01:00:00,46.66,44.94759,36.301647,51.562855,8.645943,6.615265,15.261208
2017-05-10 02:00:00,41.99,42.635506,34.952026,47.630352,7.6834793,4.9948463,12.678326
2017-05-10 03:00:00,41.69,40.449596,35.26376,47.24934,5.185837,6.7997437,11.98558
2017-05-10 04:00:00,41.19,42.720768,33.739902,46.09437,8.9808655,3.3736038,12.354469
2017-05-10 05:00:00,42.01,40.179382,34.480633,48.957897,5.6987495,8.778515,14.477264
2017-05-10 06:00:00,49.92,45.97557,37.05859,50.602924,8.916981,4.6273537,13.544334
2017-05-10 07:00:00,51.04,48.561974,37.601757,52.834534,10.9602165,4.27256,15.232777
2017-05-10 08:00:00,53.49,53.068565,40.732994,56.22954,12.335571,3.1609764,15.496548
2017-05-10 09:00:00,53.46,53.508278,49.090805,58.353664,4.417473,4.8453865,9.262859
2017-05-10 10:00:00,52.98,54.296814,43.42279,58.39733,10.874023,4.1005173,14.974541
2017-05-10 11:00:00,51.57,53.414627,43.603848,58.131397,9.81078,4.71677,14.52755
2017-05-10 12:00:00,50.54,47.23199,45.983208,54.768875,1.2487831,7.5368843,8.785667
2017-05-10 13:00:00,47.05,49.140533,43.84064,57.16203,5.2998924,8.021496,13.321388
2017-05-10 14:00:00,41.69,48.52328,37.135567,55.411144,11.387714,6.887863,18.275578
2017-05-10 15:00:00,40.94,45.45084,35.405582,53.48417,10.045258,8.033329,18.078587
2017-05-10 16:00:00,40.65,43.688145,33.21366,52.735985,10.4744835,9.04784,19.522324
2017-05-10 17:00:00,41.08,42.65863,33.695145,53.92407,8.963486,11.265438,20.228924
2017-05-10 18:00:00,44.01,46.36706,34.45833,52.16254,11.908733,5.795479,17.704212
2017-05-10 19:00:00,48.04,46.773693,37.36177,54.27122,9.411922,7.497528,16.90945
2017-05-10 20:00:00,50.0,45.66093,39.633507,53.764545,6.027424,8.103615,14.131039
2017-05-10 21:00:00,53.46,50.467762,42.921257,56.68409,7.546505,6.2163277,13.762833
2017-05-10 22:00:00,51.57,48.48597,41.46526,54.82804,7.02071,6.3420715,13.362782
2017-05-10 23:00:00,47.05,43.96571,37.181767,53.56639,6.783943,9.600681,16.384624
2017-05-11 00:00:00,40.69,42.47773,35.574432,48.681408,6.9032974,6.203678,13.106976
2017-05-11 01:00:00,37.47,39.71227,30.510351,44.724033,9.201918,5.0117645,14.213682
2017-05-11 02:00:00,36.05,36.54168,29.366564,42.24234,7.1751156,5.7006607,12.875776
2017-05-11 03:00:00,35.66,32.335144,30.324074,41.780243,2.0110703,9.445099,11.456169
2017-05-11 04:00:00,33.92,35.315353,26.411736,40.544594,8.903618,5.2292404,14.132858
2017-05-11 05:00:00,35.85,36.844074,29.03969,41.720436,7.804384,4.876362,12.680746
2017-05-11 06:00:00,37.45,40.140537,34.211624,45.810276,5.928913,5.669739,11.598652
2017-05-11 07:00:00,43.1,44.21441,34.75553,50.360825,9.458878,6.1464157,15.605293
2017-05-11 08:00:00,44.49,49.58912,38.55326,51.93789,11.035858,2.3487701,13.384628
2017-05-11 09:00:00,47.0,50.992504,42.46549,53.669945,8.527016,2.6774406,11.204456
2017-05-11 10:00:00,44.68,52.055824,43.06678,52.49407,8.989044,0.43824387,9.427288
2017-05-11 11:00:00,43.07,52.628254,39.87662,52.70639,12.751633,0.078136444,12.829769
2017-05-11 12:00:00,39.43,49.972363,42.397617,52.92037,7.574745,2.9480057,10.522751
2017-05-11 13:00:00,37.69,46.80146,40.424522,53.611843,6.376938,6.810383,13.187321
2017-05-11 14:00:00,36.59,45.3159,38.24873,50.1217,7.067169,4.8058014,11.872971
2017-05-11 15:00:00,36.2,47.08594,37.424213,49.603386,9.661728,2.5174446,12.1791725
2017-05-11 16:00:00,36.2,44.996765,37.566643,47.350803,7.4301224,2.3540382,9.784161
2017-05-11 17:00:00,37.45,45.814922,37.13225,51.28597,8.682671,5.4710464,14.153717
2017-05-11 18:00:00,38.95,44.208534,37.735672,49.191086,6.4728622,4.9825516,11.455414
2017-05-11 19:00:00,40.69,45.72358,39.521915,50.977036,6.201664,5.253456,11.45512
2017-05-11 20:00:00,47.1,43.92642,41.57739,54.558964,2.3490295,10.632545,12.981575
2017-05-11 21:00:00,53.48,47.10734,42.9138,54.3156,4.1935425,7.2082596,11.401802
2017-05-11 22:00:00,52.19,48.509285,40.94595,52.424454,7.5633354,3.9151688,11.478504
2017-05-11 23:00:00,48.18,44.593925,34.468655,48.523792,10.125271,3.9298668,14.055138
2017-05-12 00:00:00,38.44,40.93392,30.862722,46.674644,10.071199,5.7407227,15.811922
2017-05-12 01:00:00,37.45,35.699444,26.959917,40.770298,8.739527,5.070854,13.810381
2017-05-12 02:00:00,37.01,32.802155,25.58455,40.723843,7.2176037,7.921688,15.139292
2017-05-12 03:00:00,36.95,34.620953,24.233616,36.20613,10.387337,1.5851784,11.972515
2017-05-12 04:00:00,36.76,26.284882,25.002834,38.02063,1.2820473,11.735748,13.017796
2017-05-12 05:00:00,37.3,32.17569,25.633352,38.35106,6.5423374,6.1753693,12.717707
2017-05-12 06:00:00,38.19,33.292706,28.171753,41.334347,5.1209526,8.041641,13.162594
2017-05-12 07:00:00,42.14,37.315926,28.656214,43.552795,8.659712,6.23687,14.896582
2017-05-12 08:00:00,48.18,40.262905,30.776455,45.312714,9.48645,5.0498085,14.536259
2017-05-12 09:00:00,50.54,42.930992,34.623245,47.66037,8.307747,4.7293777,13.037125
2017-05-12 10:00:00,48.18,44.99048,36.42987,49.229874,8.560608,4.239395,12.800003
2017-05-12 11:00:00,45.01,44.36616,34.74068,50.930603,9.625481,6.5644417,16.189922
2017-05-12 12:00:00,47.32,43.4467,36.050144,48.176067,7.396557,4.7293663,12.125923
2017-05-12 13:00:00,45.01,42.794098,36.534115,50.509266,6.259983,7.715168,13.975151
2017-05-12 14:00:00,40.69,43.380455,33.334385,47.53394,10.04607,4.1534843,14.199554
2017-05-12 15:00:00,39.4,38.766037,29.519684,46.564205,9.246353,7.798168,17.044521
2017-05-12 16:00:00,38.44,37.371494,32.91846,44.95264,4.4530334,7.5811462,12.03418
2017-05-12 17:00:00,38.44,40.13804,29.468182,46.33713,10.669857,6.199093,16.86895
2017-05-12 18:00:00,40.65,39.415813,32.02562,47.820736,7.390194,8.4049225,15.795116
2017-05-12 19:00:00,42.0,37.83158,32.443085,48.05553,5.3884964,10.223949,15.612446
2017-05-12 20:00:00,48.18,43.448505,36.979546,50.591076,6.46896,7.1425705,13.61153
2017-05-12 21:00:00,53.39,50.230595,41.141373,57.616188,9.089222,7.3855934,16.474815
2017-05-12 22:00:00,52.69,49.757244,38.417114,51.9941,11.34013,2.2368546,13.576984
2017-05-12 23:00:00,52.19,43.050385,37.678905,49.917233,5.371479,6.866848,12.238327
2017-05-13 00:00:00,49.24,47.80635,40.194885,52.541172,7.6114655,4.7348213,12.346287
2017-05-13 01:00:00,40.69,45.736195,35.847435,47.99643,9.88876,2.2602348,12.148994
2017-05-13 02:00:00,39.69,44.80879,33.39085,45.737186,11.417938,0.92839813,12.346336
2017-05-13 03:00:00,38.0,38.802452,32.316223,44.819103,6.486229,6.016651,12.50288
2017-05-13 04:00:00,37.87,40.25769,31.33922,45.358105,8.91847,5.1004143,14.018885
2017-05-13 05:00:00,38.0,35.915806,33.610447,44.472244,2.305359,8.556438,10.861797
2017-05-13 06:00:00,38.13,40.757877,33.562496,43.917164,7.195381,3.1592865,10.354668
2017-05-13 07:00:00,37.87,35.354527,31.295902,43.779606,4.0586243,8.425079,12.483704
2017-05-13 08:00:00,38.95,36.95494,35.075768,47.08272,1.8791733,10.127781,12.006954
2017-05-13 09:00:00,43.98,39.010956,33.752518,49.448437,5.258438,10.437481,15.695919
2017-05-13 10:00:00,48.99,41.35208,37.57492,50.37653,3.7771606,9.024448,12.801609
2017-05-13 11:00:00,47.64,40.686153,35.21863,49.717007,5.4675217,9.030853,14.498375
2017-05-13 12:00:00,42.69,42.161392,33.74192,50.66656,8.419472,8.505169,16.92464
2017-05-13 13:00:00,42.0,43.648262,32.87937,51.827053,10.76889,8.178791,18.947681
2017-05-13 14:00:00,39.69,41.332047,30.12061,49.28023,11.211437,7.948185,19.159622
2017-05-13 15:00:00,37.87,34.319263,27.881258,47.437817,6.4380054,13.118553,19.556559
2017-05-13 16:00:00,37.47,32.42588,26.315136,42.227894,6.1107445,9.802013,15.912758
2017-05-13 17:00:00,37.47,34.743256,26.807188,43.868084,7.9360676,9.124828,17.060896
2017-05-13 18:00:00,37.68,36.1257,31.030361,45.602875,5.0953407,9.477173,14.572514
2017-05-13 19:00:00,40.0,39.968224,30.41835,48.92587,9.549873,8.957645,18.507519
2017-05-13 20:00:00,48.99,47.635334,34.187004,50.156384,13.44833,2.5210495,15.969379
2017-05-13 21:00:00,53.46,50.77587,39.877155,55.84162,10.898716,5.06575,15.964466
2017-05-13 22:00:00,53.25,47.7699,42.21692,55.48899,5.5529823,7.7190895,13.272072
2017-05-13 23:00:00,51.93,45.482822,37.86455,53.64744,7.618271,8.164619,15.78289
2017-05-14 00:00:00,48.62,48.271656,36.868282,49.666195,11.403374,1.3945389,12.797913
2017-05-14 01:00:00,42.01,42.537235,34.530712,48.569126,8.006523,6.031891,14.038414
2017-05-14 02:00:00,40.69,39.335243,32.92901,44.710136,6.4062347,5.374893,11.781128
2017-05-14 03:00:00,40.69,40.616913,33.072582,42.78714,7.5443306,2.170227,9.714558
2017-05-14 04:00:00,40.69,38.26149,30.846052,41.289497,7.4154377,3.0280075,10.443445
2017-05-14 05:00:00,42.0,38.87328,30.73859,41.873547,8.134689,3.000267,11.134956
2017-05-14 06:00:00,43.0,39.497505,29.405867,40.125103,10.091639,0.6275978,10.719236
2017-05-14 07:00:00,39.69,34.704277,28.438206,41.11138,6.2660713,6.4071045,12.673176
2017-05-14 08:00:00,39.69,35.206707,28.166712,46.633335,7.039995,11.426628,18.466623
2017-05-14 09:00:00,39.69,40.309277,33.82683,43.210224,6.482445,2.9009476,9.383392
2017-05-14 10:00:00,40.69,39.77351,34.20212,47.60805,5.5713882,7.8345413,13.40593
2017-05-14 11:00:00,42.69,40.282055,32.693676,49.657967,7.588379,9.375912,16.96429
2017-05-14 12:00:00,45.01,43.231136,31.833797,48.619522,11.397339,5.388386,16.785725
2017-05-14 13:00:00,48.34,41.64295,31.122837,50.35016,10.520111,8.707211,19.227322
2017-05-14 14:00:00,48.99,39.19491,29.548832,48.78719,9.646076,9.592281,19.238358
2017-05-14 15:00:00,43.29,31.96917,31.870544,43.34598,0.09862518,11.376812,11.475437
2017-05-14 16:00:00,40.51,33.700317,24.71525,43.938244,8.985067,10.2379265,19.222994
2017-05-14 17:00:00,40.65,30.813385,26.649452,43.64607,4.163933,12.832684,16.996616
2017-05-14 18:00:00,39.97,36.930336,26.996202,45.862305,9.934134,8.931969,18.866102
2017-05-14 19:00:00,42.94,36.895905,29.310293,44.82825,7.5856113,7.9323463,15.517958
2017-05-14 20:00:00,48.69,44.20015,33.290806,50.541317,10.909344,6.3411674,17.250511
2017-05-14 21:00:00,54.04,46.699295,45.51331,54.88698,1.1859856,8.187683,9.373669
2017-05-14 22:00:00,54.93,45.97041,45.00469,54.082962,0.96572113,8.112553,9.078274
2017-05-14 23:00:00,51.57,44.171833,36.01612,52.65469,8.155712,8.482857,16.638569
2017-05-15 00:00:00,50.69,51.317406,44.216766,55.422184,7.1006393,4.1047783,11.205418
2017-05-15 01:00:00,45.03,45.90818,41.96508,52.117146,3.9431,6.2089653,10.152065
2017-05-15 02:00:00,43.0,45.598186,39.247578,47.622242,6.350609,2.0240555,8.374664
2017-05-15 03:00:00,40.6,41.862106,40.68528,47.72403,1.1768265,5.861923,7.0387497
2017-05-15 04:00:00,40.14,43.703815,38.219257,49.022446,5.484558,5.31863,10.803188
2017-05-15 05:00:00,41.46,44.569427,39.236835,50.53191,5.332592,5.9624825,11.295074
2017-05-15 06:00:00,46.6,50.092964,43.880634,54.49792,6.21233,4.404957,10.617287
2017-05-15 07:00:00,50.69,54.448956,44.33415,56.900604,10.114807,2.4516487,12.566456
2017-05-15 08:00:00,51.44,55.436207,47.76712,59.549747,7.6690865,4.1135406,11.782627
2017-05-15 09:00:00,51.64,57.435852,51.38652,59.022507,6.0493317,1.5866547,7.6359863
2017-05-15 10:00:00,51.19,56.659866,54.10361,58.664074,2.5562553,2.0042076,4.560463
2017-05-15 11:00:00,50.71,57.265697,48.421967,59.253223,8.843731,1.9875259,10.831257
2017-05-15 12:00:00,50.94,55.78369,49.148594,60.52879,6.6350975,4.745098,11.380196
2017-05-15 13:00:00,50.94,54.963768,47.89215,58.342384,7.071617,3.3786163,10.450233
2017-05-15 14:00:00,50.69,53.85996,44.727318,57.974636,9.132641,4.1146774,13.247318
2017-05-15 15:00:00,50.45,49.628746,44.927578,57.349117,4.701168,7.7203712,12.421539
2017-05-15 16:00:00,50.45,51.292873,44.24331,56.321583,7.0495644,5.0287094,12.078274
2017-05-15 17:00:00,50.54,50.78797,43.57337,54.77305,7.2145996,3.985077,11.1996765
2017-05-15 18:00:00,50.45,45.089115,43.86418,54.875374,1.2249336,9.786259,11.011192
2017-05-15 19:00:00,50.69,50.117355,44.611023,56.88311,5.5063324,6.7657547,12.272087
2017-05-15 20:00:00,51.57,51.012783,47.710976,58.826702,3.3018074,7.813919,11.115726
2017-05-15 21:00:00,55.03,55.20174,50.419964,60.266014,4.7817764,5.064274,9.84605
2017-05-15 22:00:00,52.87,51.85834,49.914356,57.434177,1.943985,5.575836,7.519821
2017-05-15 23:00:00,50.8,52.36569,42.164673,56.094,10.201015,3.7283134,13.929329
2017-05-16 00:00:00,52.69,53.07939,46.32423,55.63305,6.7551613,2.5536575,9.308819
2017-05-16 01:00:00,50.53,47.53372,42.363564,53.560047,5.1701546,6.026329,11.196484
2017-05-16 02:00:00,48.22,46.513874,40.139385,48.069824,6.374489,1.5559502,7.930439
2017-05-16 03:00:00,45.0,46.465958,39.99389,47.616856,6.472069,1.150898,7.622967
2017-05-16 04:00:00,44.69,41.644817,39.154392,49.695347,2.490425,8.0505295,10.540955
2017-05-16 05:00:00,48.22,46.334217,39.297024,49.2648,7.0371933,2.930584,9.967777
2017-05-16 06:00:00,52.19,49.325077,43.08681,54.353077,6.238266,5.028,11.266266
2017-05-16 07:00:00,53.69,50.792747,50.43535,57.4375,0.357399,6.6447525,7.0021515
2017-05-16 08:00:00,54.53,55.58724,47.45577,60.07626,8.13147,4.4890213,12.620491
2017-05-16 09:00:00,55.0,54.74854,52.985092,60.46176,1.7634468,5.7132225,7.4766693
2017-05-16 10:00:00,54.53,58.045483,48.547947,60.011497,9.497536,1.9660149,11.463551
2017-05-16 11:00:00,53.93,55.360836,49.38172,59.82236,5.9791145,4.461525,10.4406395
2017-05-16 12:00:00,54.04,56.16084,48.97731,60.65073,7.183529,4.489891,11.67342
2017-05-16 13:00:00,53.95,54.482166,49.368538,59.05152,5.1136284,4.569355,9.682983
2017-05-16 14:00:00,52.69,54.329224,45.867294,57.37498,8.461929,3.0457573,11.507687
2017-05-16 15:00:00,52.15,48.780415,44.073097,57.394615,4.7073174,8.614201,13.321518
2017-05-16 16:00:00,52.19,50.39163,42.845276,56.34103,7.5463524,5.949402,13.495754
2017-05-16 17:00:00,52.4,51.669716,43.638985,57.244953,8.030731,5.5752373,13.605968
2017-05-16 18:00:00,52.1,50.80357,42.72878,55.040745,8.074791,4.237175,12.311966
2017-05-16 19:00:00,52.19,51.321014,44.18654,57.339306,7.1344757,6.0182915,13.152767
2017-05-16 20:00:00,53.93,53.800194,45.87877,59.800926,7.921425,6.0007324,13.922157
2017-05-16 21:00:00,55.44,56.81166,51.32738,60.063828,5.4842796,3.2521667,8.736446
2017-05-16 22:00:00,52.69,54.71424,48.67994,58.053474,6.0343018,3.3392334,9.373535
2017-05-16 23:00:00,50.99,50.269337,41.559937,56.405563,8.7094,6.1362267,14.845627
2017-05-17 00:00:00,50.54,52.362503,46.86647,56.73996,5.4960327,4.3774567,9.873489
2017-05-17 01:00:00,44.69,47.739697,43.962105,54.686268,3.7775917,6.9465714,10.724163
2017-05-17 02:00:00,42.01,44.66546,42.161736,51.44941,2.5037231,6.783951,9.287674
2017-05-17 03:00:00,41.69,47.45729,39.886997,49.44539,7.5702934,1.9880981,9.558392
2017-05-17 04:00:00,41.69,48.001167,40.66599,49.384827,7.3351784,1.3836594,8.718838
2017-05-17 05:00:00,41.69,48.27403,39.67431,49.03678,8.59972,0.76275253,9.362473
2017-05-17 06:00:00,45.69,52.691425,44.19955,53.00632,8.491875,0.31489563,8.80677
2017-05-17 07:00:00,50.38,52.77809,44.797176,55.210476,7.980915,2.4323845,10.4133
2017-05-17 08:00:00,52.19,53.495907,46.00717,58.31668,7.488735,4.820774,12.309509
2017-05-17 09:00:00,53.69,58.005016,48.853165,58.012302,9.151852,0.007286072,9.159138
2017-05-17 10:00:00,52.52,53.06155,51.113495,59.44272,1.9480553,6.3811684,8.329224
2017-05-17 11:00:00,51.69,55.4788,47.220715,59.285793,8.258087,3.8069916,12.065079
2017-05-17 12:00:00,52.15,50.997543,50.63382,57.717945,0.36372375,6.720402,7.0841255
2017-05-17 13:00:00,51.5,50.664608,46.7184,55.640682,3.946209,4.976074,8.922283
2017-05-17 14:00:00,49.0,50.59337,44.486725,54.820286,6.1066437,4.2269173,10.333561
2017-05-17 15:00:00,47.62,45.40738,40.941925,54.049236,4.465454,8.641857,13.107311
2017-05-17 16:00:00,45.53,43.47435,42.813755,53.549088,0.66059494,10.074738,10.7353325
2017-05-17 17:00:00,45.93,46.618446,39.965614,53.103226,6.652832,6.4847794,13.137611
2017-05-17 18:00:00,44.91,42.564266,38.29369,51.16839,4.2705765,8.604122,12.874699
2017-05-17 19:00:00,45.53,45.618237,38.973614,51.96436,6.644623,6.3461227,12.990746
2017-05-17 20:00:00,50.19,48.871872,42.327656,53.69402,6.544216,4.8221474,11.366364
2017-05-17 21:00:00,53.3,47.818985,46.803604,55.381145,1.0153809,7.5621605,8.577541
2017-05-17 22:00:00,49.01,46.792664,43.46672,54.31152,3.325943,7.518856,10.844799
2017-05-17 23:00:00,45.82,45.044712,37.15877,51.82666,7.8859406,6.781948,14.667889
2017-05-18 00:00:00,49.33,40.66466,33.96706,44.770485,6.6976013,4.1058235,10.803425
2017-05-18 01:00:00,48.0,36.88969,28.681797,41.34833,8.207893,4.458641,12.666534
2017-05-18 02:00:00,47.05,32.94251,28.346832,38.750927,4.5956764,5.8084183,10.404095
2017-05-18 03:00:00,47.0,34.224094,25.95361,38.779602,8.270485,4.5555077,12.825993
2017-05-18 04:00:00,44.44,35.023567,24.440079,36.02515,10.583488,1.0015831,11.585072
2017-05-18 05:00:00,43.02,32.504242,28.129387,36.73976,4.374855,4.2355194,8.610374
2017-05-18 06:00:00,46.4,40.127533,29.80291,40.408752,10.324623,0.28121948,10.605843
2017-05-18 07:00:00,50.33,35.334713,28.494316,43.56861,6.840397,8.233898,15.074295
2017-05-18 08:00:00,51.33,38.32368,31.400223,45.09564,6.923458,6.7719574,13.6954155
2017-05-18 09:00:00,50.34,42.149742,35.116173,46.018085,7.0335693,3.8683434,10.901913
2017-05-18 10:00:00,48.3,42.99951,37.723106,47.933517,5.2764053,4.9340057,10.210411
2017-05-18 11:00:00,45.53,42.147816,37.758167,46.10271,4.3896484,3.954895,8.344543
2017-05-18 12:00:00,44.62,38.382122,35.91849,50.26511,2.4636307,11.882988,14.346619
2017-05-18 13:00:00,39.69,41.375603,33.959827,49.22395,7.4157753,7.8483467,15.264122
2017-05-18 14:00:00,37.49,42.662582,34.078323,42.69551,8.584259,0.032928467,8.6171875
2017-05-18 15:00:00,36.59,37.723015,28.521109,47.35374,9.201906,9.630726,18.832632
2017-05-18 16:00:00,36.17,35.70367,28.306171,43.81346,7.397499,8.109791,15.50729
2017-05-18 17:00:00,36.09,36.928852,29.850422,43.497223,7.07843,6.568371,13.646801
2017-05-18 18:00:00,37.43,35.248234,28.36676,42.43382,6.8814735,7.185585,14.067059
2017-05-18 19:00:00,37.87,41.563393,29.99047,43.342716,11.572922,1.7793236,13.352245
2017-05-18 20:00:00,38.69,41.11482,34.42459,46.265343,6.6902275,5.150524,11.840752
2017-05-18 21:00:00,45.53,45.3677,38.50673,51.713528,6.8609695,6.345829,13.206799
2017-05-18 22:00:00,44.01,41.155994,37.802666,48.53393,3.3533287,7.3779373,10.731266
2017-05-18 23:00:00,40.6,43.6156,31.199577,44.086796,12.416023,0.47119522,12.887218
2017-05-19 00:00:00,40.02,39.00938,34.523537,45.243767,4.4858437,6.2343864,10.72023
2017-05-19 01:00:00,39.69,38.614174,30.388433,40.19512,8.22574,1.5809479,9.806688
2017-05-19 02:00:00,39.58,33.779892,30.031956,39.67334,3.7479362,5.893448,9.641384
2017-05-19 03:00:00,39.63,34.681805,27.458454,39.916214,7.2233505,5.2344093,12.45776
2017-05-19 04:00:00,39.69,31.245975,27.440203,38.982815,3.8057728,7.7368393,11.542612
2017-05-19 05:00:00,40.6,31.457626,30.934002,39.56551,0.5236244,8.107883,8.631508
2017-05-19 06:00:00,46.6,36.41931,33.952053,43.056076,2.4672585,6.6367645,9.104023
2017-05-19 07:00:00,48.33,38.654533,31.57,44.78781,7.0845337,6.133278,13.217812
2017-05-19 08:00:00,50.54,41.24893,35.45085,48.257454,5.7980804,7.008522,12.8066025
2017-05-19 09:00:00,50.34,43.944283,40.090107,49.501823,3.8541756,5.557541,9.411716
2017-05-19 10:00:00,49.33,43.879765,39.515545,48.75918,4.3642197,4.8794136,9.243633
2017-05-19 11:00:00,48.5,42.313606,41.255302,49.31761,1.0583038,7.0040054,8.062309
2017-05-19 12:00:00,49.48,42.576096,39.743275,49.753048,2.832821,7.1769524,10.009773
2017-05-19 13:00:00,49.26,46.10579,39.815132,50.477005,6.290657,4.371216,10.661873
2017-05-19 14:00:00,46.6,44.635693,38.935143,46.760433,5.70055,2.1247406,7.8252907
2017-05-19 15:00:00,45.95,42.16337,34.09058,47.09005,8.072788,4.9266815,12.99947
2017-05-19 16:00:00,45.95,41.675255,34.501194,46.621323,7.174061,4.946068,12.120129
2017-05-19 17:00:00,45.95,40.96678,36.01659,46.10873,4.9501915,5.1419487,10.09214
2017-05-19 18:00:00,45.97,38.784782,35.693283,45.508095,3.0914993,6.7233124,9.814812
2017-05-19 19:00:00,47.0,41.060135,35.088894,46.65073,5.971241,5.5905952,11.561836
2017-05-19 20:00:00,50.34,42.51365,38.495453,48.97555,4.018196,6.4619026,10.480099
2017-05-19 21:00:00,52.52,46.821903,41.750324,53.336365,5.071579,6.5144615,11.5860405
2017-05-19 22:00:00,50.59,48.63739,41.22061,50.892296,7.4167786,2.2549057,9.671684
2017-05-19 23:00:00,50.33,43.62174,36.267754,48.27489,7.353985,4.6531525,12.007137
2017-05-20 00:00:00,49.33,50.162388,40.738205,51.182343,9.424183,1.0199547,10.444138
2017-05-20 01:00:00,46.5,45.93488,38.21566,49.823166,7.719219,3.8882866,11.607506
2017-05-20 02:00:00,43.66,42.617844,36.53022,48.085934,6.0876236,5.46809,11.555714
2017-05-20 03:00:00,43.66,39.946815,37.09922,46.317047,2.8475952,6.3702316,9.217827
2017-05-20 04:00:00,43.66,39.51639,37.013935,45.967876,2.5024567,6.4514847,8.953941
2017-05-20 05:00:00,42.95,41.49373,34.156975,44.419155,7.336754,2.9254265,10.26218
2017-05-20 06:00:00,42.95,41.557884,35.68422,45.685627,5.873665,4.127743,10.001408
2017-05-20 07:00:00,43.56,40.25749,34.439724,44.974464,5.8177643,4.716976,10.53474
2017-05-20 08:00:00,44.47,42.77413,37.071957,45.156338,5.702175,2.382206,8.084381
2017-05-20 09:00:00,48.33,43.43876,39.12602,50.49753,4.3127403,7.058773,11.371513
2017-05-20 10:00:00,49.99,44.016487,38.84066,50.234543,5.175827,6.2180557,11.393883
2017-05-20 11:00:00,49.33,41.973606,39.198906,51.576324,2.7747002,9.602718,12.3774185
2017-05-20 12:00:00,49.63,45.65359,39.0853,52.392593,6.5682907,6.739002,13.307293
2017-05-20 13:00:00,50.02,46.327362,38.913406,51.781853,7.4139557,5.4544907,12.868446
2017-05-20 14:00:00,49.63,44.58814,36.755135,51.134754,7.833004,6.5466156,14.37962
2017-05-20 15:00:00,45.88,36.806652,36.190735,49.176125,0.6159172,12.3694725,12.98539
2017-05-20 16:00:00,44.06,36.61886,32.160324,47.152786,4.4585342,10.533928,14.992462
2017-05-20 17:00:00,43.84,40.33068,32.916702,44.536556,7.4139786,4.2058754,11.619854
2017-05-20 18:00:00,44.38,35.96268,34.78108,47.334957,1.1816025,11.372276,12.553879
2017-05-20 19:00:00,45.1,43.191303,33.77118,44.643143,9.420124,1.4518394,10.8719635
2017-05-20 20:00:00,46.01,42.79529,38.373337,49.44581,4.421955,6.6505165,11.072472
2017-05-20 21:00:00,49.63,46.239044,44.592445,53.388557,1.6465988,7.1495132,8.796112
2017-05-20 22:00:00,45.1,48.719574,42.607826,53.711872,6.1117477,4.992298,11.104046
2017-05-20 23:00:00,40.5,44.18864,37.04368,52.55676,7.1449623,8.368118,15.513081
2017-05-21 00:00:00,39.19,39.500668,31.475615,44.228607,8.025053,4.7279396,12.752993
2017-05-21 01:00:00,37.44,31.816263,29.804298,41.466934,2.0119648,9.650671,11.662636
2017-05-21 02:00:00,36.1,31.127596,25.637957,36.40301,5.4896393,5.2754154,10.765055
2017-05-21 03:00:00,35.75,26.479935,25.849428,33.41685,0.6305065,6.9369164,7.567423
2017-05-21 04:00:00,34.98,30.657238,24.051092,34.92748,6.606146,4.270241,10.876387
2017-05-21 05:00:00,34.49,26.999987,24.254438,34.84205,2.7455482,7.842062,10.58761
2017-05-21 06:00:00,34.21,27.555164,24.130402,35.720917,3.4247627,8.165752,11.590515
2017-05-21 07:00:00,32.0,24.432074,21.12566,32.797268,3.3064137,8.365194,11.671608
2017-05-21 08:00:00,35.5,25.651667,24.582851,36.105354,1.0688152,10.453688,11.522503
2017-05-21 09:00:00,37.45,31.826618,24.786434,39.432762,7.040184,7.606144,14.646328
2017-05-21 10:00:00,39.69,36.79522,29.485474,42.007362,7.309746,5.212143,12.521889
2017-05-21 11:00:00,40.69,34.61379,28.639889,44.095177,5.9739,9.481388,15.455288
2017-05-21 12:00:00,40.69,37.027294,30.187403,44.06783,6.8398914,7.040535,13.880426
2017-05-21 13:00:00,42.7,40.50199,29.616133,46.82023,10.885859,6.3182373,17.204096
2017-05-21 14:00:00,43.01,37.44981,28.061832,46.284874,9.387978,8.835064,18.223042
2017-05-21 15:00:00,39.9,35.840576,26.23145,39.64513,9.609127,3.804554,13.413681
2017-05-21 16:00:00,39.19,30.440762,26.466011,41.217888,3.9747505,10.777126,14.751877
2017-05-21 17:00:00,39.9,35.004673,26.627882,41.38698,8.376791,6.382305,14.759096
2017-05-21 18:00:00,39.7,36.254044,27.889612,44.388077,8.364431,8.134033,16.498465
2017-05-21 19:00:00,41.3,37.596054,30.270378,46.65889,7.325676,9.062836,16.388512
2017-05-21 20:00:00,47.69,44.82068,39.884556,49.848114,4.936123,5.0274353,9.963558
2017-05-21 21:00:00,52.33,51.101063,44.678017,55.889435,6.423046,4.788372,11.211418
2017-05-21 22:00:00,52.69,50.92288,45.966557,55.33701,4.9563217,4.414131,9.370453
2017-05-21 23:00:00,49.9,47.439587,37.96553,50.60442,9.474056,3.164833,12.638889
2017-05-22 00:00:00,44.65,50.240356,43.98684,54.144646,6.253517,3.9042892,10.157806
2017-05-22 01:00:00,40.19,47.17806,39.67328,47.977615,7.50478,0.79955673,8.304337
2017-05-22 02:00:00,39.36,45.963814,38.019283,47.024086,7.9445305,1.0602722,9.004803
2017-05-22 03:00:00,39.22,42.21046,38.126163,48.192387,4.084297,5.981926,10.066223
2017-05-22 04:00:00,39.36,42.958305,37.397953,46.662067,5.5603523,3.703762,9.264114
2017-05-22 05:00:00,40.6,43.296326,38.6727,49.470955,4.6236267,6.174629,10.798256
2017-05-22 06:00:00,48.82,46.745464,39.44453,53.31626,7.300934,6.570797,13.871731
2017-05-22 07:00:00,51.21,50.66591,42.621716,55.07355,8.044193,4.4076424,12.451836
2017-05-22 08:00:00,54.04,53.204346,44.101383,57.107277,9.1029625,3.9029312,13.005894
2017-05-22 09:00:00,54.93,55.207363,45.550877,58.27617,9.6564865,3.0688057,12.725292
2017-05-22 10:00:00,54.93,53.62515,45.63667,58.661633,7.9884796,5.036484,13.024963
2017-05-22 11:00:00,54.04,52.17151,44.864525,57.60178,7.306984,5.430271,12.737255
2017-05-22 12:00:00,54.1,52.22072,47.04947,57.84018,5.1712494,5.619461,10.79071
2017-05-22 13:00:00,53.66,51.621685,45.59132,57.524273,6.030365,5.902588,11.932953
2017-05-22 14:00:00,52.46,50.294865,42.6693,55.833878,7.6255646,5.539013,13.1645775
2017-05-22 15:00:00,51.66,48.140133,40.549988,55.72479,7.590145,7.584656,15.174801
2017-05-22 16:00:00,51.04,48.425358,39.50824,54.961605,8.917118,6.5362473,15.453365
2017-05-22 17:00:00,50.3,46.521523,41.038815,53.265396,5.482708,6.7438736,12.226582
2017-05-22 18:00:00,48.25,47.12649,41.181816,52.464462,5.9446754,5.3379707,11.282646
2017-05-22 19:00:00,45.98,46.44035,41.27289,49.868393,5.1674614,3.4280434,8.595505
2017-05-22 20:00:00,50.03,46.971382,44.56876,56.418884,2.4026222,9.447502,11.850124
2017-05-22 21:00:00,51.57,52.939774,45.297104,57.04953,7.6426697,4.1097565,11.752426
2017-05-22 22:00:00,50.03,46.73607,45.838818,55.039883,0.8972511,8.303814,9.201065
2017-05-22 23:00:00,46.11,42.09656,42.08871,52.93144,0.007850647,10.834877,10.842728
2017-05-23 00:00:00,46.56,44.208244,38.127174,48.99977,6.08107,4.791527,10.872597
2017-05-23 01:00:00,43.62,37.279762,35.584362,44.202423,1.6954002,6.922661,8.618061
2017-05-23 02:00:00,40.2,37.238422,34.66992,41.719162,2.5685005,4.4807396,7.04924
2017-05-23 03:00:00,40.19,34.273518,33.40232,42.548923,0.87119675,8.275406,9.146603
2017-05-23 04:00:00,40.14,34.747013,33.967575,41.37851,0.779438,6.6314964,7.4109344
2017-05-23 05:00:00,40.19,34.970924,34.72284,42.949863,0.24808502,7.978939,8.227024
2017-05-23 06:00:00,44.02,39.944668,36.672024,48.30993,3.272644,8.365261,11.637905
2017-05-23 07:00:00,45.08,45.806564,39.996727,50.648384,5.8098373,4.84182,10.651657
2017-05-23 08:00:00,50.12,48.706505,44.842655,52.38509,3.8638496,3.678585,7.5424347
2017-05-23 09:00:00,50.21,49.632095,45.52008,53.66219,4.112015,4.030094,8.142109
2017-05-23 10:00:00,50.0,49.976227,44.97506,53.916214,5.0011673,3.9399872,8.9411545
2017-05-23 11:00:00,48.07,49.376587,45.70117,53.90971,3.675415,4.533123,8.208538
2017-05-23 12:00:00,48.38,49.99578,46.69074,55.187428,3.3050423,5.1916466,8.496689
2017-05-23 13:00:00,48.11,50.0822,46.244724,55.157368,3.8374748,5.0751686,8.912643
2017-05-23 14:00:00,47.39,46.09109,45.139248,53.301937,0.95184326,7.210846,8.162689
2017-05-23 15:00:00,46.25,48.00569,41.31807,52.150166,6.687622,4.144474,10.832096
2017-05-23 16:00:00,46.84,44.917168,42.83331,51.822933,2.0838585,6.9057655,8.989624
2017-05-23 17:00:00,46.84,48.721928,42.292057,52.42638,6.4298706,3.7044525,10.134323
2017-05-23 18:00:00,45.76,48.293617,41.19695,53.48858,7.0966682,5.1949615,12.29163
2017-05-23 19:00:00,47.3,47.969143,41.856407,51.22604,6.1127357,3.256897,9.369633
2017-05-23 20:00:00,50.21,49.712696,44.240883,55.727898,5.471813,6.0152016,11.487015
2017-05-23 21:00:00,51.9,52.52528,49.013126,57.8934,3.5121536,5.3681183,8.880272
2017-05-23 22:00:00,50.0,52.30986,45.530342,52.354225,6.779518,0.04436493,6.823883
2017-05-23 23:00:00,45.11,42.313694,41.357304,52.963978,0.9563904,10.650284,11.606674
2017-05-24 00:00:00,43.55,42.228798,37.86537,47.261826,4.363426,5.0330276,9.396454
2017-05-24 01:00:00,40.14,39.85186,34.979874,44.730328,4.8719864,4.8784676,9.750454
2017-05-24 02:00:00,39.2,35.6394,33.595203,42.260426,2.044197,6.621025,8.665222
2017-05-24 03:00:00,39.19,34.05526,33.90977,41.26548,0.14548874,7.2102203,7.355709
2017-05-24 04:00:00,39.2,37.23392,32.04814,39.097992,5.1857796,1.8640709,7.0498505
2017-05-24 05:00:00,40.19,37.81527,31.747574,42.717537,6.0676956,4.9022675,10.969963
2017-05-24 06:00:00,43.64,43.03855,37.608658,43.74266,5.4298935,0.7041092,6.1340027
2017-05-24 07:00:00,45.98,45.98145,40.37365,51.34187,5.6077995,5.36042,10.96822
2017-05-24 08:00:00,50.17,47.841824,41.31583,52.280216,6.5259933,4.4383926,10.964386
2017-05-24 09:00:00,50.5,48.709534,45.156384,53.709827,3.5531502,5.0002937,8.553444
2017-05-24 10:00:00,50.5,51.45882,46.86345,54.200077,4.5953712,2.7412567,7.336628
2017-05-24 11:00:00,50.52,49.369934,44.132393,53.354713,5.237541,3.9847794,9.222321
2017-05-24 12:00:00,50.54,50.602028,46.406002,54.70434,4.196026,4.102314,8.29834
2017-05-24 13:00:00,50.5,50.71102,46.010323,52.716072,4.700699,2.0050507,6.7057495
2017-05-24 14:00:00,50.38,50.88256,43.917507,51.499138,6.9650536,0.61657715,7.5816307
2017-05-24 15:00:00,50.5,46.872818,45.46586,52.193104,1.4069595,5.320286,6.7272453
2017-05-24 16:00:00,50.54,47.879784,42.60524,53.172714,5.274544,5.2929306,10.567474
2017-05-24 17:00:00,51.01,47.957035,43.06093,51.871353,4.8961067,3.914318,8.810425
2017-05-24 18:00:00,51.26,48.169445,43.79558,52.307213,4.373863,4.137768,8.511631
2017-05-24 19:00:00,52.1,48.11465,43.25681,53.297073,4.8578415,5.1824226,10.040264
2017-05-24 20:00:00,52.54,50.877346,44.87584,53.152714,6.001507,2.2753677,8.276875
2017-05-24 21:00:00,53.65,53.29082,49.84627,57.431953,3.4445496,4.1411324,7.585682
2017-05-24 22:00:00,52.21,50.83822,47.42209,55.651005,3.41613,4.812786,8.228916
2017-05-24 23:00:00,52.01,47.41355,40.834457,50.135906,6.579094,2.722355,9.301449
2017-05-25 00:00:00,52.19,49.635147,46.032066,52.747448,3.6030807,3.1123009,6.7153816
2017-05-25 01:00:00,50.49,45.978123,42.4752,51.60347,3.502922,5.625347,9.128269
2017-05-25 02:00:00,47.57,42.16602,41.921238,48.565697,0.2447815,6.3996773,6.644459
2017-05-25 03:00:00,47.66,44.524727,39.43161,46.2272,5.0931168,1.7024727,6.7955894
2017-05-25 04:00:00,49.06,43.223156,39.677,47.042545,3.5461578,3.8193893,7.365547
2017-05-25 05:00:00,50.59,43.238697,38.946438,49.371174,4.292259,6.132477,10.424736
2017-05-25 06:00:00,53.79,44.50824,42.887737,52.608257,1.6205025,8.100018,9.72052
2017-05-25 07:00:00,54.04,51.72618,45.022854,55.07163,6.703327,3.3454475,10.048775
2017-05-25 08:00:00,54.89,54.363182,47.720547,56.787086,6.6426353,2.4239044,9.06654
2017-05-25 09:00:00,54.93,53.9519,49.615665,56.996403,4.336235,3.0445023,7.3807373
2017-05-25 10:00:00,54.69,54.393127,48.552517,57.040203,5.8406105,2.6470757,8.487686
2017-05-25 11:00:00,54.5,54.777428,48.409058,57.73906,6.36837,2.9616318,9.330002
2017-05-25 12:00:00,54.69,52.66083,49.218517,56.6407,3.4423141,3.9798698,7.422184
2017-05-25 13:00:00,54.5,53.32895,48.0379,56.49939,5.29105,3.1704407,8.461491
2017-05-25 14:00:00,54.04,53.309666,45.04598,53.3846,8.263687,0.07493591,8.338623
2017-05-25 15:00:00,54.04,50.161156,43.62894,54.43733,6.532215,4.2761726,10.808388
2017-05-25 16:00:00,54.04,52.933228,43.998295,53.576744,8.934933,0.64351654,9.578449
2017-05-25 17:00:00,54.04,49.357445,45.90974,53.7522,3.4477043,4.3947563,7.8424606
2017-05-25 18:00:00,52.7,47.30728,44.11972,53.751953,3.187561,6.4446716,9.632233
2017-05-25 19:00:00,53.02,48.549294,45.061836,53.302277,3.4874573,4.752983,8.24044
2017-05-25 20:00:00,53.66,52.786823,43.84722,53.015026,8.939602,0.22820282,9.167805
2017-05-25 21:00:00,55.89,51.643097,45.674664,56.38614,5.9684334,4.743042,10.711475
2017-05-25 22:00:00,54.89,48.363995,47.02867,53.54898,1.3353233,5.184986,6.5203094
2017-05-25 23:00:00,53.65,48.275635,42.146187,52.462646,6.129448,4.1870117,10.31646
2017-05-26 00:00:00,54.93,49.28612,49.23453,55.710716,0.051589966,6.424595,6.476185
2017-05-26 01:00:00,53.25,46.209793,43.119217,53.831425,3.0905762,7.6216316,10.712208
2017-05-26 02:00:00,51.53,45.26679,42.495693,51.382103,2.7710953,6.1153145,8.88641
2017-05-26 03:00:00,50.54,44.65204,42.186813,51.364586,2.4652252,6.7125473,9.1777725
2017-05-26 04:00:00,49.39,44.12457,43.176964,51.225224,0.94760513,7.1006546,8.04826
2017-05-26 05:00:00,50.86,46.985035,42.243156,52.42833,4.7418785,5.4432945,10.185173
2017-05-26 06:00:00,54.04,51.2352,43.907616,54.844975,7.3275833,3.6097755,10.937359
2017-05-26 07:00:00,54.0,53.04305,46.329746,57.504654,6.7133026,4.461605,11.174908
2017-05-26 08:00:00,55.23,55.71541,47.39938,57.39341,8.316029,1.6780014,9.99403
2017-05-26 09:00:00,55.39,57.937252,50.789528,60.257565,7.147724,2.3203125,9.468037
2017-05-26 10:00:00,54.9,58.01674,51.687122,58.57746,6.3296165,0.56072235,6.890339
2017-05-26 11:00:00,54.04,56.7852,50.20178,58.69665,6.58342,1.9114532,8.494873
2017-05-26 12:00:00,54.53,57.045403,51.53215,59.175987,5.5132523,2.1305847,7.643837
2017-05-26 13:00:00,54.04,56.15047,51.047123,58.52912,5.103348,2.3786507,7.4819984
2017-05-26 14:00:00,51.65,52.902287,47.881184,57.725216,5.021103,4.8229294,9.844032
2017-05-26 15:00:00,50.34,51.15617,45.93103,57.519108,5.2251396,6.362938,11.588078
2017-05-26 16:00:00,50.15,50.44993,44.941883,55.900978,5.508045,5.45105,10.959095
2017-05-26 17:00:00,50.15,51.311348,46.44721,56.985317,4.8641396,5.6739693,10.538109
2017-05-26 18:00:00,50.15,49.505833,45.6304,56.089787,3.875431,6.583954,10.459385
2017-05-26 19:00:00,50.54,52.256474,45.921654,53.067432,6.33482,0.81095886,7.1457787
2017-05-26 20:00:00,51.47,54.962135,45.774902,55.864784,9.187233,0.9026489,10.089882
2017-05-26 21:00:00,54.0,58.9105,48.141712,59.232235,10.768787,0.32173538,11.090523
2017-05-26 22:00:00,52.71,54.25088,47.613804,57.856678,6.6370773,3.6057968,10.242874
2017-05-26 23:00:00,52.53,51.169178,42.193172,54.68438,8.976006,3.5152016,12.491207
2017-05-27 00:00:00,54.9,53.720604,45.579617,56.481537,8.140987,2.760933,10.90192
2017-05-27 01:00:00,54.04,47.61804,43.253674,53.918007,4.3643646,6.2999687,10.664333
2017-05-27 02:00:00,53.25,47.341797,43.230453,47.667507,4.1113434,0.3257103,4.4370537
2017-05-27 03:00:00,52.79,44.384716,43.789997,50.37348,0.59471893,5.9887657,6.5834846
2017-05-27 04:00:00,52.02,45.821644,38.818264,46.577877,7.00338,0.7562332,7.759613
2017-05-27 05:00:00,51.57,44.76978,40.388287,46.868496,4.3814926,2.0987167,6.4802094
2017-05-27 06:00:00,50.31,45.386837,39.397102,51.54855,5.9897346,6.1617126,12.151447
2017-05-27 07:00:00,47.91,47.78326,39.488293,49.379383,8.294968,1.5961227,9.89109
2017-05-27 08:00:00,47.9,48.99977,40.830788,49.924362,8.168983,0.92459106,9.093575
2017-05-27 09:00:00,51.04,51.458935,42.417274,52.786236,9.04166,1.327301,10.368961
2017-05-27 10:00:00,50.5,46.291565,45.765446,56.860405,0.52611923,10.56884,11.094959
2017-05-27 11:00:00,47.62,47.309162,46.59357,56.056313,0.71559143,8.74715,9.462742
2017-05-27 12:00:00,44.59,46.857388,45.445183,57.025295,1.4122047,10.167908,11.580112
2017-05-27 13:00:00,42.74,49.659615,43.998173,55.874844,5.661442,6.215229,11.876671
2017-05-27 14:00:00,41.32,47.337135,40.82282,56.06051,6.5143166,8.723373,15.23769
2017-05-27 15:00:00,40.6,46.556732,37.604122,53.83171,8.95261,7.2749786,16.227589
2017-05-27 16:00:00,38.58,44.07677,36.041298,51.535866,8.035473,7.459095,15.494568
2017-05-27 17:00:00,39.6,45.302425,37.545467,52.425114,7.756958,7.1226883,14.879646
2017-05-27 18:00:00,41.0,46.35739,38.111305,52.7367,8.246086,6.379307,14.625393
2017-05-27 19:00:00,41.98,46.25929,42.36184,49.019478,3.8974495,2.760189,6.6576385
2017-05-27 20:00:00,46.0,48.713074,42.881214,56.631733,5.8318596,7.918659,13.750519
2017-05-27 21:00:00,51.94,52.630157,52.221806,60.821224,0.4083519,8.191067,8.599419
2017-05-27 22:00:00,51.83,50.654514,50.10599,57.9097,0.54852295,7.255184,7.803707
2017-05-27 23:00:00,50.38,50.67113,41.28223,56.84495,9.388901,6.1738205,15.562721
2017-05-28 00:00:00,50.54,42.936962,35.082737,48.030937,7.854225,5.093975,12.9482
2017-05-28 01:00:00,45.27,40.302032,31.100782,43.95346,9.20125,3.6514282,12.852678
2017-05-28 02:00:00,42.41,33.607944,29.979229,40.693848,3.6287155,7.085903,10.714619
2017-05-28 03:00:00,42.36,32.425446,31.817188,41.490646,0.6082573,9.065201,9.673458
2017-05-28 04:00:00,42.16,34.62008,24.304422,40.19095,10.315657,5.5708694,15.886526
2017-05-28 05:00:00,42.16,33.8084,26.162214,38.96969,7.646185,5.161289,12.807474
2017-05-28 06:00:00,42.1,33.00269,26.254816,40.43699,6.7478733,7.4342995,14.182173
2017-05-28 07:00:00,41.39,29.42491,25.226822,41.176796,4.1980877,11.751886,15.949974
2017-05-28 08:00:00,42.16,35.496147,27.471947,36.468216,8.0242,0.9720688,8.996269
2017-05-28 09:00:00,45.27,33.684406,28.711523,43.91868,4.972883,10.234272,15.207155
2017-05-28 10:00:00,47.9,39.414867,32.120747,47.293697,7.294121,7.87883,15.172951
2017-05-28 11:00:00,45.0,39.81656,34.067856,48.903133,5.748703,9.086575,14.835278
2017-05-28 12:00:00,42.41,38.007088,37.001347,49.821003,1.0057411,11.813915,12.819656
2017-05-28 13:00:00,42.16,37.483364,34.112,50.704006,3.3713646,13.220642,16.592007
2017-05-28 14:00:00,42.16,43.03937,31.367403,49.598625,11.671968,6.5592537,18.231222
2017-05-28 15:00:00,39.21,35.073257,31.556168,46.311882,3.5170898,11.238625,14.755714
2017-05-28 16:00:00,38.1,32.965385,29.718176,44.41026,3.2472095,11.444874,14.692083
2017-05-28 17:00:00,38.58,34.918533,31.631588,44.758476,3.2869453,9.839943,13.126888
2017-05-28 18:00:00,39.21,38.351463,37.627716,48.232914,0.72374725,9.881451,10.605198
2017-05-28 19:00:00,42.39,42.912624,33.98134,52.217037,8.931286,9.304413,18.235699
2017-05-28 20:00:00,50.54,48.42576,40.11477,56.7711,8.310989,8.345341,16.65633
2017-05-28 21:00:00,55.68,54.908253,48.05804,59.59361,6.850212,4.685356,11.535568
2017-05-28 22:00:00,56.9,51.20014,47.3663,58.178627,3.8338432,6.978485,10.812328
2017-05-28 23:00:00,55.68,51.257824,40.096924,55.11526,11.1609,3.8574371,15.018337
2017-05-29 00:00:00,52.17,52.454727,47.02987,54.84724,5.424858,2.3925133,7.8173714
2017-05-29 01:00:00,49.6,49.984932,42.427326,52.82355,7.5576057,2.8386192,10.396225
2017-05-29 02:00:00,46.95,47.54911,40.933556,52.27531,6.615555,4.7262,11.341755
2017-05-29 03:00:00,45.4,43.503723,40.699154,51.02084,2.8045692,7.5171165,10.321686
2017-05-29 04:00:00,45.27,46.42995,39.02935,50.08122,7.4006004,3.651268,11.051868
2017-05-29 05:00:00,48.07,44.558163,42.56277,51.836006,1.9953918,7.2778435,9.273235
2017-05-29 06:00:00,52.06,51.1459,46.13162,56.73267,5.014282,5.586769,10.601051
2017-05-29 07:00:00,52.71,55.61753,46.24391,58.677586,9.373619,3.0600548,12.433674
2017-05-29 08:00:00,54.09,57.374443,50.283314,61.006157,7.0911293,3.6317139,10.722843
2017-05-29 09:00:00,55.1,59.433792,51.630386,61.219627,7.803406,1.7858353,9.589241
2017-05-29 10:00:00,55.39,60.609653,51.34598,60.9167,9.263672,0.30704498,9.570717
2017-05-29 11:00:00,55.3,59.325172,48.64953,62.007526,10.675644,2.682354,13.357998
2017-05-29 12:00:00,55.69,58.872997,51.308735,61.71099,7.5642624,2.8379936,10.402256
2017-05-29 13:00:00,55.01,56.70078,51.67693,61.49672,5.0238495,4.7959404,9.81979
2017-05-29 14:00:00,54.09,54.20235,49.779373,59.5978,4.4229774,5.3954506,9.818428
2017-05-29 15:00:00,53.73,53.95301,46.61647,59.496143,7.33654,5.543133,12.879673
2017-05-29 16:00:00,53.0,55.337536,44.57217,58.588375,10.765366,3.2508392,14.016205
2017-05-29 17:00:00,52.71,53.289032,45.306522,58.6916,7.9825096,5.402569,13.385078
2017-05-29 18:00:00,52.16,53.612198,46.476933,58.535305,7.1352654,4.923107,12.0583725
2017-05-29 19:00:00,52.23,54.091595,47.10894,59.82495,6.9826546,5.7333565,12.716011
2017-05-29 20:00:00,53.9,55.662926,49.07586,60.197594,6.5870667,4.534668,11.121735
2017-05-29 21:00:00,54.93,59.2094,51.04774,61.310562,8.161659,2.101162,10.262821
2017-05-29 22:00:00,54.04,54.24057,48.46247,60.033493,5.778099,5.792923,11.571022
2017-05-29 23:00:00,53.01,51.93529,44.657696,56.676086,7.2775955,4.740795,12.018391
2017-05-30 00:00:00,54.09,53.038563,48.300873,57.68339,4.73769,4.644829,9.382519
2017-05-30 01:00:00,51.66,50.87022,43.19175,54.59864,7.6784706,3.7284203,11.406891
2017-05-30 02:00:00,50.54,47.24933,42.87112,52.46781,4.378208,5.218483,9.596691
2017-05-30 03:00:00,49.6,47.54136,41.76202,52.438076,5.779339,4.896717,10.676056
2017-05-30 04:00:00,49.51,44.649494,43.889484,51.870598,0.76000977,7.2211037,7.9811134
2017-05-30 05:00:00,50.3,46.00882,43.127766,52.49603,2.881054,6.4872093,9.368263
2017-05-30 06:00:00,52.73,51.10399,48.36957,56.424408,2.734417,5.3204193,8.054836
2017-05-30 07:00:00,54.53,55.8262,46.587482,56.623302,9.238716,0.7971039,10.03582
2017-05-30 08:00:00,54.93,57.233562,48.45049,58.008446,8.783073,0.7748833,9.557957
2017-05-30 09:00:00,55.02,58.87168,51.111,59.318844,7.760681,0.44716263,8.207844
2017-05-30 10:00:00,54.09,59.885525,50.251953,61.86138,9.633572,1.9758568,11.609428
2017-05-30 11:00:00,54.1,57.07272,53.855976,61.09858,3.2167435,4.02586,7.2426033
2017-05-30 12:00:00,55.02,58.090023,51.38951,58.601448,6.700512,0.511425,7.211937
2017-05-30 13:00:00,55.73,57.65873,51.340546,60.93211,6.318184,3.2733803,9.591564
2017-05-30 14:00:00,54.93,56.5213,48.59171,59.031525,7.929592,2.5102234,10.4398155
2017-05-30 15:00:00,54.48,52.646748,50.370102,55.26529,2.2766457,2.6185417,4.8951874
2017-05-30 16:00:00,54.09,54.443428,47.518185,57.1747,6.9252434,2.7312737,9.656517
2017-05-30 17:00:00,53.7,51.316685,46.433548,57.11031,4.8831367,5.793625,10.676762
2017-05-30 18:00:00,52.04,50.381496,44.889015,56.448345,5.492481,6.0668488,11.55933
2017-05-30 19:00:00,52.01,47.144222,43.63649,55.681923,3.5077324,8.537701,12.045433
2017-05-30 20:00:00,52.53,51.902027,45.39406,56.502033,6.507969,4.600006,11.107975
2017-05-30 21:00:00,54.09,55.37977,51.174976,60.337772,4.204792,4.958004,9.162796
2017-05-30 22:00:00,52.07,55.130947,49.020226,56.744873,6.1107216,1.6139259,7.7246475
2017-05-30 23:00:00,52.01,51.11634,43.368984,55.24549,7.7473564,4.1291504,11.876507
2017-05-31 00:00:00,54.04,51.9942,49.018215,55.60492,2.9759865,3.6107178,6.5867043
2017-05-31 01:00:00,51.57,48.6537,43.45903,52.56553,5.1946716,3.911827,9.106499
2017-05-31 02:00:00,49.46,44.52424,41.87007,51.683353,2.6541672,7.159115,9.813282
2017-05-31 03:00:00,48.34,46.61568,40.9396,48.071533,5.676079,1.4558525,7.1319313
2017-05-31 04:00:00,47.91,42.74742,42.65451,50.12272,0.09291077,7.3752975,7.4682083
2017-05-31 05:00:00,50.0,45.203228,41.06001,51.601185,4.143219,6.397957,10.541176
2017-05-31 06:00:00,54.12,48.51046,47.201836,56.12768,1.3086243,7.617222,8.925846
2017-05-31 07:00:00,54.93,52.259705,47.033875,58.325264,5.22583,6.0655594,11.291389
2017-05-31 08:00:00,55.39,57.397354,49.68618,58.01493,7.711174,0.6175766,8.328751
2017-05-31 09:00:00,55.0,57.184605,51.289948,60.570873,5.894657,3.3862686,9.280926
2017-05-31 10:00:00,54.48,57.745136,51.231907,61.40885,6.5132294,3.6637154,10.176945
2017-05-31 11:00:00,54.48,57.487957,51.246277,60.68029,6.24168,3.1923332,9.434013
2017-05-31 12:00:00,55.0,56.141945,50.832996,60.51457,5.3089485,4.3726234,9.681572
2017-05-31 13:00:00,55.31,57.64722,51.50613,58.933453,6.1410904,1.286232,7.4273224
2017-05-31 14:00:00,54.93,53.527935,49.060783,59.68581,4.4671516,6.157875,10.625027
2017-05-31 15:00:00,54.93,52.995945,46.88834,57.473343,6.107605,4.477398,10.585003
2017-05-31 16:00:00,54.5,52.82151,45.0448,56.929714,7.7767105,4.108204,11.884914
2017-05-31 17:00:00,54.53,49.94709,48.302757,56.90517,1.6443329,6.9580803,8.602413
2017-05-31 18:00:00,54.48,49.64103,45.510635,56.531887,4.130394,6.8908577,11.021252
2017-05-31 19:00:00,54.48,49.111298,47.654068,53.72773,1.4572296,4.616432,6.073662
2017-05-31 20:00:00,55.02,55.636723,47.2039,57.466255,8.432823,1.8295326,10.262356
2017-05-31 21:00:00,56.3,52.411583,51.47307,58.02575,0.9385147,5.6141663,6.552681
2017-05-31 22:00:00,54.8,55.802837,48.185856,57.887722,7.6169815,2.0848846,9.701866
2017-05-31 23:00:00,54.45,50.747124,43.441345,56.69545,7.3057785,5.948326,13.254105
